Type,Name,Request Count,Failure Count,Median Response Time,Average Response Time,Min Response Time,Max Response Time,Average Content Size,Requests/s,Failures/s,50%,66%,75%,80%,90%,95%,98%,99%,99.9%,99.99%,100%
GET,/web/index.php/auth/login,111,3,3000.0,8391.199751099099,674.9737439999999,194191.400693,3373.09009009009,0.42933121052702766,0.011603546230460208,3000,4000,4400,4900,6600,8200,193000,193000,194000,194000,194000
POST,/web/index.php/auth/validate,61,0,13000.0,12058.853543442625,2268.8042840000007,29535.442698000003,6790.0,0.23593877335269087,0.0,13000,15000,17000,18000,23000,24000,27000,30000,30000,30000,30000
GET,API: Get Leave Requests,136,0,5000.0,5480.13979290441,869.6761009999996,17159.280944000002,11608.0,0.5260274291141961,0.0,5100,6600,7400,7800,9400,11000,12000,13000,17000,17000,17000
GET,Page: View Leave List,159,0,3700.0,3980.999744106918,719.9926990000005,10196.917731999996,8874.0,0.614987950214391,0.0,3700,5000,5500,5600,6800,7500,8600,9300,10000,10000,10000
,Aggregated,467,3,4100.0,6520.96618773019,674.9737439999999,194191.400693,8090.48608137045,1.8062853632083056,0.011603546230460208,4100,5500,6600,7400,11000,15000,23000,27000,194000,194000,194000
