Type,Name,Request Count,Failure Count,Median Response Time,Average Response Time,Min Response Time,Max Response Time,Average Content Size,Requests/s,Failures/s,50%,66%,75%,80%,90%,95%,98%,99%,99.9%,99.99%,100%
GET,/web/index.php/auth/login,20,0,990.0,1138.4152746000002,566.6942119999998,2147.6157049999997,3458.3,0.06801707979684174,0.0,1100,1300,1500,1600,2000,2100,2100,2100,2100,2100,2100
POST,/web/index.php/auth/validate,20,0,6100.0,5305.3109489,1571.956676,8122.431388999999,6790.0,0.06801707979684174,0.0,6300,7100,7300,7500,7700,8100,8100,8100,8100,8100,8100
POST,API: Create Employee,333,0,2100.0,3043.540239105104,574.8247609999951,11129.888171999994,144.21621621621622,1.132484378617415,0.0,2100,3800,4600,5200,6200,7600,9000,9800,11000,11000,11000
GET,API: Search Employee,323,0,3900.0,5228.351036724462,595.6806969999989,36244.65201699999,9474.808049535604,1.0984758387189941,0.0,3900,7200,8400,9300,11000,12000,14000,17000,36000,36000,36000
GET,Page: Add Employee,337,0,2000.0,3339.086700976261,564.9834220000116,39368.411165,7423.0,1.1460877945767833,0.0,2000,4000,5000,5700,7100,8200,9200,11000,39000,39000,39000
GET,Page: View Employee List,332,0,2200.0,3370.9664896777103,535.8584820000019,38792.17185299999,7341.0,1.129083524627573,0.0,2200,4000,5000,5400,6700,8000,9200,11000,39000,39000,39000
,Aggregated,1365,0,2300.0,3718.3618327882805,535.8584820000019,39368.411165,6045.506227106227,4.642165696134449,0.0,2300,4400,5500,6200,8000,10000,12000,13000,39000,39000,39000
