Type,Name,Request Count,Failure Count,Median Response Time,Average Response Time,Min Response Time,Max Response Time,Average Content Size,Requests/s,Failures/s,50%,66%,75%,80%,90%,95%,98%,99%,99.9%,99.99%,100%
GET,/web/index.php/auth/login,110,0,9700.0,22941.621075609095,632.7311080000002,79485.306702,3459.2727272727275,0.8482537512991862,0.0,10000,36000,44000,50000,63000,68000,71000,73000,79000,79000,79000
POST,/web/index.php/auth/validate,38,0,6200.0,13684.264087921054,1697.4372440000004,81765.37354599999,6790.0,0.2930331140851734,0.0,6400,8700,9300,16000,50000,63000,82000,82000,82000,82000,82000
POST,API: Create Employee,58,0,2200.0,11721.805141706895,861.0625509999999,79145.890084,144.63793103448276,0.44726106886684364,0.0,2200,6500,11000,11000,41000,74000,76000,79000,79000,79000,79000
GET,API: Search Employee,40,0,2500.0,10597.434321800001,826.419124,70443.841263,6345.325,0.30845590956334046,0.0,2700,4300,12000,13000,42000,69000,70000,70000,70000,70000,70000
GET,Page: Add Employee,66,0,2100.0,9312.87036777273,570.0745959999996,85454.207351,7423.0,0.5089522507795118,0.0,2100,2900,10000,12000,22000,51000,72000,85000,85000,85000,85000
GET,Page: View Employee List,47,0,2100.0,9561.765772595743,830.6515420000001,86479.498182,7341.0,0.362435693736925,0.0,2100,3100,6400,12000,25000,46000,86000,86000,86000,86000,86000
,Aggregated,359,0,2800.0,14516.420223771584,570.0745959999996,86479.498182,4834.782729805014,2.7683917883309808,0.0,2800,9500,18000,24000,52000,66000,74000,79000,86000,86000,86000
